{"_step":63,"train_loss":0.22246654928174048,"_wandb":{"runtime":167},"_runtime":167.332378302,"_timestamp":1.775892891349466e+09}