{"_runtime":152.029334983,"_timestamp":1.7758926373379233e+09,"_step":63,"train_loss":0.22246667757512084,"_wandb":{"runtime":152}}