{"_timestamp":1.775894736582665e+09,"_step":28,"_wandb":{"runtime":40},"_runtime":40.16406763,"train_loss":0.22467629425227642}